"Relative Intensity (%) Run #5","Angle (rad) Run #5","Relative Intensity (%) Run #6","Angle (rad) Run #6","Relative Intensity (%) Run #7","Angle (rad) Run #7","Relative Intensity (%) Run #8","Angle (rad) Run #8","Relative Intensity (%) Run #9","Angle (rad) Run #9","Relative Intensity (%) Run #10","Angle (rad) Run #10"
-2.12,0.000,-7.36,0.000,-7.84,0.000,-3.92,0.000,-1.42,0.000,3.06,0.000
-2.13,0.000,-7.33,0.000,-7.87,0.000,-3.90,0.000,-1.48,0.000,3.08,0.000
-2.17,0.000,-7.30,0.000,-7.85,0.000,-3.96,0.000,-1.45,0.000,3.08,0.000
-2.13,0.000,-7.31,0.000,-7.90,0.000,-3.91,0.000,-1.46,0.000,3.08,0.000
-2.12,0.000,-7.38,0.000,-7.91,0.000,-3.97,0.000,-1.44,0.000,3.09,0.000
-2.13,0.000,-7.39,0.000,-7.85,0.000,-3.98,0.000,-1.52,0.000,3.07,0.000
-2.10,0.000,-7.30,0.000,-7.75,0.000,-3.94,0.000,-1.47,0.000,3.02,0.000
-2.10,0.000,-7.40,0.000,-7.74,0.000,-3.96,0.000,-1.46,0.000,2.99,0.000
-2.15,0.000,-7.44,0.000,-7.83,0.000,-4.01,0.000,-1.47,0.000,3.05,0.000
-2.19,0.000,-7.44,0.000,-7.85,0.000,-4.01,0.000,-1.42,0.000,3.06,0.000
-2.23,0.000,-7.42,0.000,-7.87,0.000,-3.96,0.000,-1.42,0.000,3.06,0.000
-2.21,0.000,-7.42,0.000,-7.91,0.000,-3.88,0.000,-1.47,0.000,3.07,0.000
-2.22,0.000,-7.42,0.000,-7.88,0.000,-3.94,0.000,-1.41,0.000,3.02,0.000
-2.16,0.000,-7.37,0.000,-7.84,0.000,-3.94,0.000,-1.40,0.000,3.01,0.000
-2.18,0.000,-7.35,0.000,-7.86,0.000,-3.90,0.000,-1.45,0.000,3.06,0.000
-2.17,0.000,-7.40,0.000,-7.79,0.000,-3.90,0.000,-1.42,0.000,3.10,0.000
-2.17,0.000,-7.50,0.000,-7.78,0.000,-3.90,0.000,-1.41,0.000,3.05,0.000
-2.15,0.000,-7.50,0.000,-7.76,0.000,-3.88,0.000,-1.39,0.000,3.02,0.000
-2.22,0.000,-7.46,0.000,-7.79,0.000,-3.90,0.000,-1.43,0.000,3.05,0.000
-2.26,0.003,-7.48,0.000,-7.73,0.000,-3.87,0.000,-1.35,0.000,3.03,0.000
-2.23,0.005,-7.45,0.000,-7.74,0.000,-3.91,0.000,-1.40,0.000,3.03,0.000
-2.02,0.003,-7.48,0.000,-7.76,0.000,-3.84,0.000,-1.42,0.000,3.05,0.000
-1.92,0.003,-7.48,0.000,-7.76,0.000,-3.70,0.000,-1.31,0.000,3.15,0.000
-1.87,0.003,-7.44,0.000,-7.70,0.000,-3.52,0.000,-1.22,0.000,3.14,0.000
-1.83,0.003,-7.47,0.000,-7.70,0.000,-3.49,0.000,-1.19,0.000,3.22,0.000
-1.88,0.003,-7.47,0.000,-7.74,0.000,-3.48,0.000,-1.01,0.000,3.25,0.000
-1.89,0.003,-7.51,0.000,-7.70,0.000,-3.48,0.000,-1.04,0.002,3.41,0.000
-1.81,0.003,-7.38,0.000,-7.66,0.000,-3.39,0.000,-1.05,0.002,3.38,0.000
-1.87,0.003,-7.31,0.000,-7.64,-0.002,-3.39,0.000,-0.99,0.002,3.42,0.000
-1.87,0.003,-7.20,0.000,-7.73,-0.002,-3.38,0.000,-0.94,0.002,3.42,0.000
-1.84,0.003,-7.14,0.000,-7.66,-0.002,-3.41,0.000,-1.11,0.002,3.37,0.000
-1.82,0.003,-7.15,0.002,-7.55,-0.002,-3.32,0.000,-1.05,0.002,3.34,0.000
-1.82,0.003,-7.13,0.002,-7.48,-0.002,-3.35,0.000,-1.04,0.002,3.39,0.000
-1.89,0.003,-7.14,0.002,-7.25,-0.002,-3.40,0.000,-1.01,0.002,3.36,0.000
-1.90,0.003,-7.11,0.002,-7.23,-0.002,-3.38,0.000,-0.94,0.002,3.37,0.000
-1.87,0.003,-7.16,0.002,-7.15,-0.002,-3.35,0.000,-0.89,0.002,3.35,0.000
-1.84,0.003,-7.19,0.002,-7.14,-0.002,-3.43,0.000,-0.92,0.002,3.37,0.000
-1.89,0.003,-7.20,0.002,-7.15,-0.002,-3.48,0.002,-0.87,0.002,3.36,0.000
-1.95,0.003,-7.12,0.002,-7.17,-0.002,-3.45,0.002,-0.79,0.002,3.33,0.000
-1.97,0.003,-7.12,0.002,-7.13,-0.002,-3.43,0.002,-0.88,0.000,3.40,0.002
-2.02,0.006,-7.14,0.002,-7.09,-0.002,-3.41,0.003,-0.80,0.000,3.39,0.002
-1.95,0.006,-7.17,0.002,-7.09,-0.002,-3.41,0.003,-0.78,0.002,3.33,0.002
-1.94,0.008,-7.18,0.002,-7.08,-0.002,-3.45,0.003,-0.83,0.000,3.34,0.003
-1.93,0.008,-7.13,0.002,-7.08,-0.002,-3.49,0.003,-0.81,0.000,3.47,0.006
-1.97,0.009,-7.18,0.002,-7.08,-0.002,-3.52,0.005,-0.77,0.000,3.34,0.006
-1.96,0.011,-7.23,0.002,-7.11,-0.002,-3.48,0.006,-0.77,0.000,3.39,0.003
-1.99,0.011,-7.22,0.002,-7.09,-0.002,-3.58,0.006,-0.72,0.000,3.36,0.002
-1.97,0.011,-7.16,0.002,-7.11,-0.002,-3.65,0.006,-0.75,0.002,3.35,0.002
-1.97,0.011,-7.23,0.002,-7.13,-0.002,-3.63,0.008,-0.74,0.002,3.39,0.003
-1.97,0.013,-7.22,0.002,-7.04,-0.002,-3.64,0.008,-0.73,0.002,3.47,0.003
-2.02,0.013,-7.24,0.002,-7.07,-0.002,-3.63,0.009,-0.68,0.002,3.49,0.005
-1.98,0.011,-7.14,0.002,-7.10,-0.002,-3.63,0.011,-0.62,0.003,3.41,0.013
-1.97,0.011,-7.13,0.002,-7.07,-0.002,-3.62,0.011,-0.55,0.003,3.44,0.014
-1.96,0.011,-7.17,0.002,-7.08,0.003,-3.54,0.008,-0.57,0.005,3.53,0.016
-2.01,0.009,-7.09,0.002,-7.14,0.002,-3.54,0.006,-0.55,0.005,3.57,0.019
-1.96,0.006,-7.07,0.002,-7.16,0.002,-3.53,0.008,-0.60,0.005,3.59,0.019
-1.95,0.005,-7.09,0.002,-7.18,0.003,-3.57,0.008,-0.53,0.005,3.59,0.017
-2.02,0.003,-7.11,0.002,-7.17,0.003,-3.56,0.008,-0.54,0.003,3.53,0.017
-2.03,0.002,-7.09,0.003,-7.18,0.005,-3.57,0.006,-0.55,-4.337E-19,3.52,0.019
-2.06,0.002,-7.07,0.003,-7.21,0.005,-3.47,0.005,-0.57,-4.337E-19,3.54,0.019
-2.09,0.002,-7.14,0.002,-7.23,0.008,-3.49,0.003,-0.56,0.002,3.47,-0.013
-2.10,0.002,-7.11,0.002,-7.20,0.008,-3.45,0.003,-0.57,-0.024,3.48,-0.009
-2.12,0.002,-7.16,0.002,-7.11,0.009,-3.47,0.002,-0.65,-0.024,3.49,-0.014
-2.15,0.002,-7.13,0.002,-7.16,0.009,-3.52,0.002,-0.55,-0.025,3.47,-0.016
-2.10,0.002,-7.10,0.009,-7.24,0.009,-3.47,0.003,-0.56,-0.025,3.55,-0.022
-2.09,0.002,-7.07,0.011,-7.26,0.009,-3.41,0.005,-0.51,-0.025,3.54,-0.028
-2.09,0.002,-7.05,0.016,-7.22,0.008,-3.42,0.006,-0.46,-0.025,3.56,-0.028
-2.04,0.002,-7.01,0.017,-7.20,0.011,-3.44,0.008,-0.54,-0.025,3.66,-0.025
-2.11,0.002,-7.00,0.017,-7.17,0.011,-3.43,0.011,-0.48,-0.025,3.65,-0.027
-2.05,0.002,-7.05,0.016,-7.17,0.013,-3.47,0.013,-0.48,-0.025,3.72,-0.027
-2.03,0.003,-7.01,0.016,-7.25,0.013,-3.41,0.013,-0.43,-0.027,3.64,-0.024
-2.00,0.003,-7.00,0.016,-7.24,-0.002,-3.42,0.014,-0.45,-0.027,3.69,-0.019
-2.03,0.005,-7.08,0.016,-7.22,-0.009,-3.44,0.017,-0.54,-0.028,3.68,-0.019
-2.02,0.008,-7.06,0.016,-7.30,-0.008,-3.40,0.024,-0.59,-0.028,3.71,-0.017
-2.03,0.011,-7.05,0.017,-7.27,-0.008,-3.40,0.028,-0.41,-0.027,3.62,-0.014
-2.06,0.016,-7.06,0.017,-7.23,-0.009,-3.45,0.027,-0.39,-0.027,3.58,-0.014
-2.06,0.017,-7.07,0.016,-7.18,-0.011,-3.39,0.028,-0.43,-0.027,3.63,-0.014
-2.04,0.019,-7.09,0.017,-7.10,-0.011,-3.36,0.027,-0.38,-0.025,3.73,-0.014
-2.03,0.024,-7.08,0.016,-7.09,-0.011,-3.38,0.027,-0.44,-0.024,3.71,-0.014
-2.06,0.025,-7.13,0.014,-7.15,-0.011,-3.39,0.027,-0.47,-0.020,3.66,-0.014
-2.04,0.027,-7.13,0.011,-7.09,-0.011,-3.33,0.025,-0.45,-0.017,3.61,-0.016
-2.08,0.030,-7.08,0.011,-7.12,-0.009,-3.38,0.027,-0.41,-0.016,3.67,-0.022
-2.09,0.035,-7.10,0.011,-7.11,-0.009,-3.24,0.025,-0.56,-0.014,3.69,-0.022
-2.09,0.039,-7.13,0.011,-7.13,-0.009,-3.25,0.025,-0.44,-0.011,3.67,-0.016
-2.10,0.050,-7.15,0.011,-7.14,-0.006,-3.31,0.024,-0.31,-0.006,3.60,-0.011
-2.07,0.058,-7.10,0.011,-7.19,0.002,-3.27,0.022,-0.36,-0.003,3.59,0.003
-2.13,0.068,-7.15,0.013,-7.18,0.014,-3.25,0.024,-0.48,-1.735E-18,3.65,0.031
-2.20,0.091,-7.18,0.013,-7.10,0.047,-3.28,0.027,-0.39,-1.735E-18,3.64,0.075
-2.11,0.110,-7.21,0.014,-7.09,0.086,-3.25,0.039,-0.42,0.002,3.61,0.132
-2.14,0.156,-7.19,0.014,-7.15,0.167,-3.20,0.053,-0.66,0.002,3.68,0.165
-2.16,0.195,-7.20,0.016,-7.14,0.201,-3.22,0.060,-0.59,0.003,3.68,0.193
-2.10,0.240,-7.18,0.016,-7.13,0.352,-3.28,0.064,-0.52,0.008,3.69,0.223
-2.11,0.309,-7.18,0.016,-7.11,0.540,-3.29,0.079,-0.64,0.024,3.71,0.350
-2.10,0.418,-7.21,0.016,-7.05,0.605,-3.25,0.091,-0.63,0.047,3.69,0.448
-2.06,0.518,-7.22,0.016,-7.00,0.619,-3.27,0.108,-0.61,0.077,3.72,0.474
-2.01,0.600,-7.20,0.016,-6.99,0.628,-3.20,0.126,-0.70,0.105,3.80,0.490
-2.06,0.702,-7.29,0.016,-6.96,0.636,-3.23,0.159,-0.66,0.141,3.76,0.533
-2.08,0.787,-7.24,0.016,-6.95,0.644,-3.20,0.239,-0.57,0.218,3.71,0.584
-2.04,0.828,-7.22,0.017,-6.98,0.653,-3.19,0.309,-0.52,0.297,3.86,0.658
-1.96,0.866,-7.29,0.019,-6.94,0.660,-3.14,0.383,-0.62,0.341,3.83,0.707
-1.98,0.911,-7.30,0.024,-6.90,0.674,-3.12,0.454,-0.52,0.382,3.79,0.716
-1.98,0.963,-7.34,0.027,-6.83,0.686,-3.04,0.525,-0.49,0.416,3.71,0.724
-2.00,1.010,-7.24,0.030,-6.84,0.710,-3.08,0.611,-0.49,0.441,3.80,0.730
-1.93,1.056,-7.28,0.035,-6.79,0.732,-3.02,0.730,-0.49,0.465,3.80,0.740
-1.95,1.117,-7.33,0.038,-6.80,0.748,-2.99,0.814,-0.47,0.489,3.78,0.751
-1.95,1.166,-7.35,0.046,-6.80,0.765,-2.90,0.829,-0.43,0.523,3.79,0.765
-1.91,1.221,-7.39,0.050,-6.88,0.789,-2.87,0.831,-0.43,0.576,3.88,0.773
-1.89,1.268,-7.40,0.060,-6.90,0.825,-2.93,0.837,-0.40,0.635,3.90,0.789
-1.89,1.308,-7.41,0.077,-6.80,0.878,-3.00,0.845,-0.34,0.690,3.87,0.809
-1.88,1.335,-7.39,0.101,-6.81,0.960,-3.01,0.856,-0.34,0.724,3.94,0.826
-1.87,1.367,-7.38,0.121,-6.72,1.060,-3.02,0.878,-0.24,0.754,3.89,0.855
-1.82,1.418,-7.40,0.156,-6.71,1.120,-3.03,0.903,-0.24,0.790,3.88,0.883
-1.85,1.483,-7.37,0.217,-6.71,1.140,-3.02,0.933,-0.32,0.818,3.88,0.908
-1.79,1.552,-7.39,0.273,-6.72,1.147,-3.03,0.968,-0.30,0.836,3.83,0.949
-1.74,1.624,-7.36,0.336,-6.69,1.150,-3.04,1.007,-0.29,0.848,3.83,1.021
-1.71,1.690,-7.37,0.412,-6.63,1.156,-3.01,1.037,-0.28,0.866,3.79,1.095
-1.69,1.736,-7.38,0.465,-6.68,1.170,-2.96,1.051,-0.20,0.888,3.87,1.183
-1.65,1.773,-7.39,0.511,-6.65,1.188,-3.01,1.062,-0.19,0.914,3.91,1.241
-1.70,1.806,-7.32,0.548,-6.71,1.214,-3.00,1.070,-0.18,0.936,3.96,1.279
-1.64,1.841,-7.35,0.583,-6.67,1.246,-2.97,1.082,-0.21,0.953,3.97,1.305
-1.64,1.879,-7.32,0.614,-6.54,1.283,-3.00,1.100,-0.16,0.966,3.98,1.330
-1.64,1.929,-7.37,0.646,-6.57,1.329,-3.01,1.120,-0.19,0.982,3.94,1.346
-1.51,1.982,-7.38,0.672,-6.55,1.360,-2.93,1.133,-0.13,0.988,3.94,1.363
-1.44,2.047,-7.34,0.693,-6.58,1.385,-2.81,1.147,-0.16,0.991,4.05,1.385
-1.31,2.089,-7.38,0.699,-6.56,1.403,-2.80,1.153,-0.20,0.993,4.04,1.404
-1.32,2.143,-7.40,0.704,-6.49,1.428,-2.80,1.167,-0.20,0.994,4.07,1.436
-1.22,2.185,-7.35,0.710,-6.41,1.458,-2.86,1.178,-0.23,0.996,4.08,1.472
-1.22,2.223,-7.34,0.715,-6.35,1.481,-2.85,1.191,-0.16,0.997,4.13,1.500
-1.12,2.267,-7.30,0.719,-6.37,1.506,-2.81,1.205,-0.22,0.999,4.13,1.513
-1.08,2.326,-7.30,0.729,-6.37,1.533,-2.83,1.225,-0.15,1.004,4.13,1.517
-0.97,2.378,-7.33,0.738,-6.32,1.557,-2.86,1.249,-0.15,1.005,4.13,1.543
-0.87,2.432,-7.31,0.748,-6.32,1.587,-2.87,1.269,-0.16,1.007,4.07,1.568
-0.90,2.476,-7.31,0.757,-6.28,1.616,-2.85,1.288,-0.21,1.012,4.07,1.599
-0.86,2.529,-7.25,0.768,-6.28,1.660,-2.82,1.318,-0.27,1.018,4.12,1.623
-0.78,2.567,-7.30,0.778,-6.31,1.689,-2.89,1.359,-0.27,1.034,4.06,1.638
-0.74,2.592,-7.28,0.793,-6.37,1.711,-2.88,1.420,-0.16,1.062,4.17,1.665
-0.70,2.619,-7.31,0.818,-6.31,1.734,-2.84,1.470,-0.17,1.101,4.08,1.690
-0.62,2.647,-7.30,0.859,-6.14,1.773,-2.83,1.486,-0.11,1.184,4.07,1.709
-0.58,2.686,-7.28,0.909,-6.15,1.810,-2.79,1.503,-0.13,1.255,4.16,1.731
-0.52,2.730,-7.25,0.946,-6.15,1.847,-2.78,1.521,-0.09,1.297,4.22,1.759
-0.54,2.780,-7.24,0.980,-6.11,1.887,-2.79,1.543,-0.06,1.321,4.17,1.808
-0.39,2.823,-7.22,1.021,-6.15,1.912,-2.85,1.555,-0.13,1.338,4.27,1.838
-0.34,2.860,-7.25,1.045,-6.11,1.929,-2.81,1.569,-0.13,1.349,4.28,1.861
-0.25,2.904,-7.29,1.068,-6.07,1.954,-2.72,1.580,-0.14,1.365,4.30,1.890
-0.18,2.925,-7.30,1.092,-6.06,1.979,-2.69,1.591,-0.08,1.390,4.29,1.926
-0.12,2.942,-7.26,1.122,-5.97,2.006,-2.68,1.605,-0.07,1.411,4.34,1.953
-0.06,2.952,-7.23,1.151,-5.98,2.025,-2.74,1.613,-0.06,1.425,4.36,1.993
0.04,2.966,-7.28,1.172,-5.94,2.044,-2.70,1.626,-0.01,1.436,4.40,2.056
0.05,2.994,-7.21,1.202,-5.88,2.061,-2.72,1.635,0.03,1.444,4.44,2.097
0.13,3.050,-7.22,1.230,-5.91,2.080,-2.72,1.660,0.01,1.451,4.49,2.130
0.20,3.127,-7.16,1.257,-5.82,2.099,-2.67,1.696,-0.08,1.462,4.51,2.163
0.39,3.231,-7.20,1.283,-5.79,2.121,-2.71,1.723,-0.09,1.477,4.51,2.199
0.46,3.297,-7.14,1.321,-5.73,2.141,-2.70,1.766,-0.05,1.497,4.52,2.232
0.59,3.365,-7.20,1.354,-5.79,2.160,-2.68,1.773,-0.03,1.522,4.57,2.251
0.86,3.435,-7.16,1.376,-5.78,2.188,-2.67,1.795,-0.02,1.569,4.62,2.257
0.99,3.484,-7.14,1.393,-5.69,2.212,-2.67,1.806,-0.01,1.616,4.73,2.281
1.19,3.541,-7.11,1.411,-5.59,2.227,-2.66,1.830,0.02,1.637,4.80,2.301
1.32,3.614,-7.14,1.445,-5.62,2.243,-2.59,1.869,-0.01,1.651,4.78,2.323
1.64,3.685,-7.14,1.462,-5.54,2.253,-2.54,1.898,0.00,1.670,4.81,2.359
1.77,3.740,-7.14,1.488,-5.48,2.259,-2.57,1.926,0.02,1.687,4.85,2.414
2.12,3.806,-7.14,1.513,-5.49,2.268,-2.56,1.982,0.05,1.720,4.92,2.447
2.32,3.870,-7.13,1.532,-5.52,2.278,-2.56,2.036,0.05,1.744,4.95,2.471
2.67,3.947,-7.07,1.547,-5.46,2.293,-2.54,2.061,0.12,1.764,5.04,2.491
2.86,4.026,-7.07,1.569,-5.43,2.311,-2.57,2.081,0.12,1.784,5.08,2.501
3.33,4.081,-7.09,1.612,-5.43,2.329,-2.54,2.094,0.14,1.792,5.13,2.510
3.59,4.125,-7.04,1.673,-5.38,2.347,-2.51,2.117,0.13,1.797,5.14,2.542
4.04,4.172,-7.01,1.723,-5.41,2.380,-2.61,2.138,0.14,1.803,5.22,2.590
4.29,4.224,-7.02,1.761,-5.35,2.424,-2.61,2.171,0.15,1.813,5.24,2.648
4.78,4.276,-6.94,1.786,-5.35,2.474,-2.52,2.193,0.19,1.827,5.38,2.708
5.02,4.309,-6.89,1.808,-5.26,2.526,-2.48,2.224,0.25,1.844,5.42,2.747
5.23,4.331,-6.92,1.844,-5.16,2.570,-2.44,2.265,0.29,1.863,5.50,2.768
5.52,4.359,-6.88,1.885,-5.10,2.619,-2.45,2.320,0.36,1.885,5.60,2.776
5.70,4.394,-6.81,1.912,-5.06,2.663,-2.38,2.359,0.40,1.924,5.60,2.780
5.99,4.431,-6.73,1.935,-5.00,2.689,-2.37,2.384,0.48,1.948,5.64,2.787
6.21,4.469,-6.71,1.951,-4.92,2.711,-2.24,2.402,0.49,1.962,5.65,2.798
6.62,4.516,-6.75,1.959,-4.82,2.735,-2.24,2.435,0.51,1.974,5.74,2.802
6.89,4.557,-6.77,1.970,-4.80,2.765,-2.22,2.487,0.57,1.993,5.74,2.805
7.36,4.595,-6.69,1.982,-4.70,2.816,-2.18,2.570,0.59,2.020,5.73,2.807
7.60,4.629,-6.68,1.998,-4.60,2.879,-2.10,2.652,0.60,2.058,5.79,2.807
8.07,4.673,-6.67,2.014,-4.40,2.942,-2.07,2.677,0.59,2.073,5.85,2.805
8.29,4.716,-6.72,2.033,-4.35,3.010,-1.96,2.706,0.58,2.092,5.79,2.810
8.87,4.741,-6.71,2.045,-4.19,3.054,-1.87,2.721,0.67,2.116,5.81,2.813
9.05,4.772,-6.69,2.059,-4.11,3.096,-1.74,2.725,0.72,2.147,5.81,2.818
9.66,4.818,-6.70,2.066,-4.02,3.137,-1.75,2.730,0.74,2.191,5.83,2.831
9.96,4.857,-6.66,2.073,-3.93,3.181,-1.75,2.741,0.78,2.224,5.90,2.843
10.30,4.890,-6.65,2.083,-3.76,3.219,-1.71,2.750,0.75,2.242,5.88,2.851
10.83,4.918,-6.65,2.092,-3.71,3.252,-1.63,2.755,0.81,2.246,5.91,2.854
11.11,4.940,-6.59,2.110,-3.55,3.270,-1.65,2.757,0.77,2.253,5.90,2.864
11.63,4.959,-6.59,2.132,-3.49,3.285,-1.63,2.760,0.83,2.267,5.89,2.871
11.85,4.979,-6.57,2.152,-3.38,3.300,-1.67,2.766,0.86,2.286,5.92,2.886
12.28,5.011,-6.54,2.172,-3.34,3.316,-1.77,2.771,0.88,2.304,6.05,2.920
12.50,5.052,-6.56,2.196,-3.22,3.340,-1.70,2.782,0.89,2.306,6.01,3.003
13.13,5.091,-6.56,2.213,-3.17,3.360,-1.62,2.788,0.92,2.312,6.08,3.121
13.51,5.113,-6.48,2.232,-3.12,3.376,-1.61,2.793,0.94,2.325,6.15,3.208
14.16,5.135,-6.49,2.243,-3.07,3.388,-1.53,2.809,1.00,2.336,6.48,3.258
14.39,5.163,-6.40,2.256,-3.04,3.398,-1.51,2.846,1.00,2.345,6.55,3.286
15.12,5.199,-6.34,2.262,-3.03,3.404,-1.49,2.893,1.11,2.351,6.62,3.303
15.44,5.245,-6.38,2.270,-2.97,3.413,-1.37,2.966,1.12,2.353,6.68,3.311
15.85,5.286,-6.36,2.275,-2.95,3.423,-1.40,3.030,1.13,2.361,6.78,3.318
16.81,5.331,-6.32,2.279,-2.98,3.432,-1.21,3.079,1.13,2.375,6.87,3.325
17.41,5.389,-6.28,2.284,-2.96,3.448,-1.12,3.105,1.20,2.392,6.91,3.336
18.67,5.441,-6.28,2.286,-2.91,3.460,-1.07,3.138,1.14,2.427,6.95,3.347
19.43,5.477,-6.30,2.287,-2.77,3.473,-1.10,3.190,1.18,2.458,7.01,3.358
20.65,5.501,-6.29,2.292,-2.70,3.489,-0.95,3.241,1.19,2.482,7.01,3.373
21.13,5.523,-6.35,2.297,-2.64,3.504,-0.91,3.264,1.24,2.496,7.11,3.394
21.95,5.545,-6.35,2.303,-2.59,3.530,-0.85,3.289,1.31,2.516,7.25,3.416
22.30,5.570,-6.37,2.318,-2.53,3.555,-0.77,3.310,1.32,2.553,7.31,3.449
22.65,5.595,-6.35,2.333,-2.44,3.575,-0.72,3.338,1.41,2.579,7.44,3.492
23.39,5.625,-6.31,2.353,-2.26,3.597,-0.56,3.363,1.43,2.614,7.52,3.539
23.84,5.661,-6.36,2.388,-2.26,3.616,-0.51,3.383,1.47,2.645,7.75,3.564
24.83,5.702,-6.35,2.433,-2.16,3.636,-0.36,3.405,1.47,2.678,7.77,3.591
25.44,5.752,-6.34,2.487,-2.11,3.660,-0.30,3.435,1.59,2.738,7.92,3.618
26.81,5.785,-6.35,2.531,-1.98,3.698,-0.18,3.467,1.64,2.796,8.05,3.633
27.48,5.817,-6.32,2.556,-1.86,3.731,-0.11,3.501,1.76,2.849,8.20,3.649
28.78,5.845,-6.20,2.579,-1.55,3.760,-0.01,3.528,1.85,2.906,8.32,3.660
29.37,5.868,-6.21,2.601,-1.43,3.789,0.02,3.556,1.95,2.922,8.38,3.680
29.89,5.884,-6.09,2.609,-1.34,3.822,0.16,3.580,2.00,2.926,8.37,3.712
30.86,5.908,-6.06,2.617,-1.08,3.861,0.26,3.614,2.05,2.930,8.54,3.738
31.33,5.936,-6.05,2.622,-0.91,3.903,0.37,3.651,2.06,2.934,8.74,3.775
32.33,5.963,-6.09,2.630,-0.51,3.940,0.44,3.691,2.04,2.941,8.79,3.839
32.87,5.980,-5.96,2.637,-0.30,3.988,0.56,3.737,2.12,2.947,9.05,3.935
33.71,5.994,-6.05,2.642,0.10,4.035,0.64,3.798,2.20,2.953,9.33,3.971
34.08,6.005,-6.10,2.645,0.32,4.067,0.79,3.847,2.18,2.955,9.78,3.977
34.45,6.016,-6.18,2.647,0.72,4.092,0.91,3.881,2.22,2.972,9.89,3.977
34.95,6.030,-6.16,2.647,0.87,4.114,0.94,3.886,2.25,2.986,10.02,3.979
35.29,6.046,-6.14,2.648,1.11,4.137,1.16,3.892,2.25,3.013,10.10,3.984
36.05,6.054,-6.09,2.650,1.23,4.166,1.23,3.903,2.35,3.063,10.18,3.991
36.31,6.063,-6.06,2.653,1.56,4.183,1.19,3.910,2.42,3.134,10.23,4.006
36.97,6.084,-6.07,2.653,1.64,4.194,1.20,3.918,2.68,3.193,10.34,4.024
37.45,6.107,-6.03,2.653,1.67,4.197,1.37,3.932,2.80,3.269,10.46,4.043
38.46,6.136,-6.01,2.655,1.71,4.200,1.37,3.938,3.00,3.325,10.58,4.054
39.04,6.183,-6.10,2.655,1.87,4.203,1.54,3.949,3.14,3.388,10.78,4.070
39.71,6.227,-6.03,2.655,1.91,4.208,1.61,3.966,3.40,3.446,10.87,4.084
41.37,6.263,-6.01,2.655,1.99,4.218,1.79,3.985,3.48,3.484,11.02,4.104
42.28,6.286,-6.01,2.655,2.06,4.227,1.88,3.998,3.62,3.504,11.13,4.114
43.74,6.313,-6.08,2.655,2.03,4.240,2.12,4.023,3.80,3.523,11.30,4.141
44.50,6.351,-6.07,2.655,2.15,4.249,2.19,4.053,3.80,3.547,11.41,4.188
46.14,6.393,-5.98,2.658,2.22,4.260,2.35,4.076,4.03,3.583,11.68,4.207
47.04,6.428,-6.00,2.658,2.26,4.266,2.38,4.104,4.13,3.640,11.79,4.225
48.68,6.462,-6.02,2.661,2.34,4.276,2.62,4.142,4.34,3.695,11.91,4.233
49.43,6.492,-5.96,2.663,2.55,4.287,2.65,4.166,4.53,3.724,11.97,4.240
50.88,6.513,-5.96,2.667,2.59,4.296,2.87,4.185,4.82,3.742,12.15,4.247
51.43,6.531,-5.98,2.670,2.69,4.309,3.02,4.207,4.89,3.754,12.16,4.260
52.01,6.547,-6.03,2.678,2.84,4.329,3.14,4.229,4.98,3.782,12.22,4.279
53.22,6.568,-6.05,2.684,2.97,4.350,3.39,4.257,5.08,3.820,12.34,4.312
53.77,6.589,-5.98,2.691,3.03,4.373,3.56,4.285,5.31,3.856,12.43,4.359
54.90,6.615,-6.02,2.711,3.25,4.397,3.83,4.299,5.44,3.896,12.81,4.400
55.46,6.638,-5.99,2.721,3.33,4.416,3.97,4.321,5.64,3.947,13.08,4.466
56.49,6.665,-6.02,2.728,3.58,4.438,4.18,4.354,5.81,4.024,13.73,4.507
57.12,6.687,-5.91,2.733,3.69,4.458,4.22,4.375,6.20,4.073,14.04,4.547
58.16,6.707,-5.90,2.747,3.93,4.475,4.50,4.394,6.43,4.092,14.65,4.615
58.68,6.728,-5.90,2.771,4.07,4.499,4.63,4.427,6.53,4.100,14.99,4.661
59.11,6.742,-5.90,2.818,4.23,4.518,4.95,4.464,6.80,4.109,15.78,4.723
59.83,6.764,-5.82,2.860,4.51,4.536,5.11,4.508,6.90,4.137,16.22,4.789
60.29,6.797,-5.70,2.908,4.66,4.558,5.48,4.571,7.04,4.174,16.75,4.825
61.40,6.847,-5.60,2.958,4.88,4.574,5.73,4.596,7.22,4.213,17.62,4.841
62.07,6.894,-5.57,2.994,5.07,4.591,6.20,4.612,7.55,4.266,17.97,4.854
63.52,6.929,-5.49,2.997,5.39,4.615,6.35,4.618,7.80,4.326,18.44,4.863
64.27,6.959,-5.44,2.997,5.53,4.643,6.51,4.643,8.35,4.350,18.60,4.874
65.86,6.984,-5.48,3.000,5.89,4.667,6.88,4.692,8.59,4.373,19.01,4.893
66.68,7.006,-5.44,3.007,6.14,4.687,7.11,4.738,8.88,4.414,19.18,4.945
67.36,7.023,-5.41,3.022,6.48,4.709,7.73,4.752,9.15,4.455,19.75,4.984
68.44,7.047,-5.35,3.052,6.65,4.722,8.11,4.764,9.70,4.497,20.15,4.998
69.03,7.075,-5.39,3.101,7.02,4.736,8.55,4.774,9.95,4.536,20.82,4.990
70.22,7.098,-5.30,3.146,7.11,4.752,8.63,4.780,10.23,4.566,21.07,5.009
70.70,7.119,-5.26,3.192,7.47,4.772,8.93,4.799,10.74,4.580,21.32,5.034
71.03,7.138,-5.06,3.237,7.59,4.796,9.03,4.818,10.94,4.587,21.89,5.063
71.77,7.160,-4.98,3.245,7.79,4.822,9.31,4.833,11.27,4.602,22.17,5.118
72.14,7.186,-4.92,3.250,8.21,4.860,9.41,4.860,11.44,4.634,22.88,5.202
72.86,7.199,-4.86,3.256,8.46,4.904,9.66,4.899,11.84,4.687,23.54,5.254
73.10,7.216,-4.87,3.264,9.09,4.924,9.83,4.926,12.09,4.771,25.05,5.305
73.66,7.237,-4.88,3.285,9.40,4.950,10.17,4.937,12.92,4.833,25.78,5.353
73.85,7.259,-4.79,3.313,10.04,4.968,10.28,4.945,13.34,4.865,26.56,5.383
74.10,7.278,-4.74,3.344,10.30,4.987,10.43,4.954,13.98,4.885,27.99,5.413
74.32,7.296,-4.67,3.363,10.74,5.016,10.57,4.968,14.21,4.895,28.69,5.437
74.46,7.312,-4.62,3.373,11.04,5.052,10.80,5.003,14.60,4.910,29.85,5.471
74.65,7.329,-4.57,3.387,11.72,5.093,11.18,5.067,14.73,4.926,30.47,5.529
74.70,7.348,-4.54,3.393,12.16,5.130,11.45,5.140,14.86,4.939,31.93,5.595
74.43,7.362,-4.56,3.399,12.99,5.165,12.33,5.169,14.95,4.953,32.96,5.674
74.39,7.380,-4.41,3.402,13.38,5.202,12.73,5.196,15.13,4.972,35.43,5.726
74.34,7.406,-4.45,3.407,13.78,5.223,13.36,5.228,15.44,4.986,36.61,5.763
74.17,7.427,-4.48,3.410,14.61,5.242,13.71,5.264,15.68,5.016,37.58,5.782
74.03,7.447,-4.45,3.415,15.03,5.257,14.44,5.303,16.13,5.064,39.27,5.806
73.59,7.463,-4.39,3.420,15.77,5.276,14.92,5.322,16.47,5.119,39.87,5.837
73.45,7.480,-4.37,3.427,16.04,5.298,15.28,5.331,17.30,5.132,41.18,5.881
73.24,7.502,-4.34,3.432,16.71,5.316,15.79,5.334,17.54,5.133,41.95,5.909
72.98,7.521,-4.38,3.437,17.02,5.325,15.93,5.344,17.86,5.138,43.58,5.922
72.80,7.552,-4.36,3.443,17.58,5.345,16.26,5.353,18.01,5.146,44.26,5.934
72.48,7.576,-4.36,3.451,17.84,5.367,16.49,5.374,18.11,5.160,45.29,5.936
72.31,7.585,-4.30,3.457,18.49,5.391,16.99,5.388,18.49,5.182,45.64,5.941
71.94,7.600,-4.28,3.464,18.79,5.413,17.27,5.399,18.67,5.218,46.31,5.949
71.89,7.628,-4.30,3.467,19.11,5.440,17.72,5.410,19.28,5.300,46.57,5.961
71.73,7.669,-4.28,3.476,19.86,5.474,17.90,5.416,19.77,5.336,46.98,5.982
70.86,7.705,-4.30,3.489,20.25,5.517,18.26,5.429,20.76,5.364,47.89,6.021
70.34,7.728,-4.26,3.514,21.37,5.553,18.47,5.448,21.20,5.382,48.45,6.082
69.65,7.750,-4.18,3.544,21.89,5.576,18.67,5.463,21.75,5.394,50.22,6.162
69.41,7.777,-4.17,3.567,23.04,5.603,19.10,5.476,21.98,5.408,51.61,6.225
68.94,7.801,-4.02,3.578,23.56,5.633,19.34,5.488,22.28,5.433,54.52,6.274
68.63,7.815,-3.94,3.586,24.65,5.663,19.83,5.495,22.90,5.465,55.85,6.297
68.41,7.832,-3.94,3.591,25.28,5.685,20.03,5.509,23.25,5.490,57.81,6.327
68.13,7.845,-3.89,3.602,25.79,5.719,20.23,5.529,24.03,5.506,58.58,6.362
67.91,7.859,-3.87,3.610,26.73,5.738,20.36,5.551,24.33,5.512,60.40,6.428
67.47,7.876,-3.73,3.624,27.25,5.755,20.66,5.578,24.78,5.520,61.50,6.469
67.32,7.898,-3.71,3.638,28.23,5.777,20.94,5.587,24.97,5.532,62.56,6.481
67.19,7.934,-3.75,3.654,28.73,5.801,21.22,5.595,25.49,5.551,64.15,6.487
66.49,7.961,-3.63,3.679,29.71,5.820,21.56,5.603,25.77,5.567,64.65,6.491
66.01,7.980,-3.55,3.712,30.25,5.837,21.79,5.625,26.01,5.578,65.39,6.500
65.13,7.992,-3.49,3.731,31.08,5.856,22.30,5.663,26.49,5.603,65.71,6.513
64.77,8.003,-3.37,3.746,31.50,5.895,22.60,5.699,26.73,5.639,66.37,6.524
64.15,8.013,-3.31,3.754,31.99,5.928,23.43,5.719,27.48,5.672,66.61,6.528
63.86,8.031,-3.24,3.764,33.05,5.977,23.82,5.729,27.93,5.694,66.87,6.536
63.59,8.063,-3.18,3.771,33.68,6.007,24.31,5.738,28.68,5.707,67.30,6.542
62.65,8.101,-3.13,3.778,35.19,6.029,24.45,5.760,29.01,5.726,67.52,6.555
62.06,8.119,-3.11,3.786,35.85,6.043,24.81,5.806,29.37,5.749,68.14,6.575
61.06,8.132,-3.04,3.800,36.98,6.052,25.83,5.847,30.06,5.779,68.65,6.582
60.64,8.143,-3.01,3.808,37.35,6.062,26.41,5.872,30.35,5.798,68.89,6.591
59.89,8.160,-2.88,3.817,37.74,6.073,27.69,5.884,30.97,5.803,69.35,6.596
59.55,8.182,-2.84,3.830,38.30,6.095,28.18,5.894,31.17,5.814,69.63,6.605
59.20,8.204,-2.73,3.844,38.59,6.114,28.91,5.908,31.81,5.828,70.12,6.611
58.34,8.223,-2.75,3.864,39.24,6.140,29.52,5.947,32.22,5.842,70.29,6.624
57.81,8.239,-2.63,3.881,39.64,6.181,30.93,6.015,32.97,5.856,70.81,6.637
56.85,8.256,-2.56,3.892,40.89,6.219,31.87,6.099,33.38,5.881,71.11,6.659
56.39,8.291,-2.44,3.907,41.58,6.266,32.91,6.158,33.89,5.912,71.44,6.682
55.13,8.333,-2.37,3.925,43.02,6.302,35.39,6.194,35.07,5.942,72.08,6.729
54.24,8.360,-2.35,3.946,43.87,6.337,36.27,6.227,35.75,5.989,72.67,6.805
52.54,8.377,-2.37,3.966,45.32,6.377,37.65,6.250,37.13,6.016,74.07,6.857
51.86,8.386,-2.28,3.987,46.06,6.417,38.36,6.289,37.85,6.046,74.92,6.891
51.27,8.397,-2.13,4.015,46.87,6.461,39.65,6.333,39.31,6.062,75.57,6.905
50.33,8.416,-2.04,4.043,48.60,6.497,40.36,6.382,39.90,6.071,76.80,6.905
49.95,8.441,-1.93,4.056,49.38,6.525,41.98,6.420,40.69,6.073,77.19,6.908
49.03,8.463,-1.84,4.068,50.71,6.552,42.84,6.454,41.01,6.079,77.75,6.910
48.47,8.476,-1.68,4.079,51.26,6.582,43.67,6.492,41.25,6.084,77.91,6.912
47.50,8.485,-1.66,4.089,52.58,6.622,45.34,6.555,41.91,6.092,78.18,6.915
47.10,8.498,-1.60,4.101,53.28,6.659,46.19,6.586,42.20,6.095,78.29,6.921
46.27,8.511,-1.50,4.119,54.67,6.693,48.00,6.632,42.63,6.095,78.54,6.927
45.88,8.525,-1.34,4.144,55.24,6.715,48.68,6.687,42.83,6.098,78.63,6.935
45.23,8.534,-1.26,4.178,56.29,6.729,50.15,6.751,43.06,6.101,78.64,6.941
44.91,8.547,-0.97,4.202,56.69,6.747,50.95,6.789,43.19,6.110,78.76,6.946
44.53,8.555,-0.92,4.221,56.93,6.753,52.65,6.820,43.68,6.128,78.86,6.949
43.82,8.572,-0.85,4.230,57.50,6.764,53.22,6.836,44.12,6.150,79.00,6.954
43.49,8.591,-0.86,4.241,57.74,6.775,54.28,6.852,44.48,6.195,79.10,6.959
42.57,8.621,-0.75,4.247,58.27,6.791,54.68,6.869,45.85,6.272,79.31,6.963
41.95,8.650,-0.66,4.254,58.56,6.805,55.21,6.890,46.83,6.329,79.41,6.965
40.40,8.677,-0.59,4.258,58.97,6.820,56.11,6.899,49.46,6.384,79.50,6.966
39.59,8.699,-0.51,4.262,59.15,6.831,56.50,6.918,50.83,6.420,79.63,6.974
38.19,8.719,-0.53,4.266,59.58,6.846,57.37,6.943,53.08,6.443,79.74,6.979
37.62,8.737,-0.40,4.274,59.82,6.861,57.89,6.976,53.81,6.461,79.93,6.982
37.09,8.752,-0.35,4.288,60.10,6.886,58.79,7.004,55.02,6.487,80.05,6.992
35.96,8.770,-0.27,4.304,60.61,6.912,59.24,7.029,55.61,6.525,80.40,6.998
35.45,8.784,-0.30,4.318,60.84,6.930,60.15,7.048,57.10,6.566,80.59,7.006
34.63,8.807,-0.06,4.332,61.46,6.946,60.73,7.059,57.99,6.591,80.87,7.020
34.06,8.831,-0.02,4.348,61.66,6.954,61.11,7.084,58.86,6.605,81.05,7.048
32.89,8.851,0.15,4.370,62.01,6.962,61.58,7.119,60.02,6.624,81.25,7.097
32.29,8.877,0.23,4.395,62.16,6.971,61.59,7.150,60.52,6.641,81.41,7.119
31.15,8.903,0.50,4.423,62.54,6.982,61.77,7.179,61.70,6.659,81.53,7.128
30.51,8.925,0.62,4.450,62.90,6.992,61.85,7.208,62.22,6.679,81.78,7.141
29.81,8.947,0.82,4.458,63.06,7.003,62.23,7.249,63.25,6.703,82.02,7.153
28.68,8.982,0.91,4.464,63.52,7.014,62.55,7.290,63.78,6.717,82.23,7.171
27.95,9.020,1.09,4.470,63.66,7.026,62.72,7.326,64.34,6.737,82.37,7.194
26.39,9.054,1.11,4.485,64.30,7.042,62.66,7.364,65.49,6.769,82.53,7.219
25.57,9.093,1.17,4.500,64.65,7.056,62.60,7.430,66.08,6.830,82.77,7.248
23.91,9.122,1.34,4.511,65.01,7.065,62.28,7.449,67.57,6.908,82.84,7.282
23.11,9.140,1.44,4.525,65.44,7.081,62.25,7.472,68.48,6.963,82.95,7.315
21.92,9.159,1.62,4.543,65.58,7.100,62.23,7.494,70.56,7.003,82.91,7.340
21.40,9.195,1.71,4.552,65.87,7.124,62.16,7.518,71.17,7.007,82.87,7.370
20.73,9.236,1.80,4.568,65.97,7.149,62.13,7.548,71.60,7.007,82.71,7.387
19.41,9.272,1.91,4.580,66.09,7.175,61.85,7.582,72.20,7.010,82.55,7.392
18.63,9.307,2.02,4.593,66.15,7.194,61.57,7.612,72.42,7.012,82.57,7.403
17.25,9.334,1.99,4.604,66.17,7.207,60.98,7.642,72.82,7.017,82.75,7.427
16.62,9.356,2.25,4.609,66.32,7.218,60.60,7.656,73.25,7.026,82.66,7.477
15.55,9.375,2.35,4.621,66.38,7.224,60.12,7.670,73.63,7.034,82.44,7.515
15.03,9.400,2.48,4.634,66.62,7.235,60.02,7.689,74.02,7.045,82.07,7.532
14.10,9.423,2.60,4.651,66.74,7.245,59.84,7.697,74.33,7.062,81.81,7.552
13.62,9.467,2.78,4.661,66.90,7.262,59.37,7.703,75.01,7.073,81.65,7.567
12.41,9.541,2.88,4.672,66.92,7.284,59.24,7.703,75.20,7.081,81.37,7.578
11.58,9.612,3.11,4.675,66.80,7.299,58.97,7.703,75.52,7.095,81.20,7.603
10.66,9.671,3.22,4.683,66.43,7.312,59.00,7.702,75.73,7.116,81.12,7.626
8.93,9.712,3.31,4.689,66.30,7.336,58.99,7.702,76.04,7.138,80.75,7.639
8.18,9.741,3.31,4.694,66.32,7.351,58.93,7.702,76.57,7.152,80.65,7.654
7.03,9.763,3.41,4.701,66.16,7.367,58.89,7.705,76.80,7.171,80.49,7.665
6.61,9.777,3.61,4.708,66.21,7.384,58.85,7.705,77.34,7.183,80.36,7.675
5.96,9.795,3.70,4.717,66.12,7.408,58.85,7.705,77.54,7.202,80.22,7.689
5.69,9.817,3.81,4.731,66.01,7.431,58.91,7.709,78.18,7.229,80.14,7.709
5.14,9.844,3.88,4.753,65.77,7.460,59.01,7.713,78.46,7.249,79.94,7.730
4.87,9.869,4.20,4.786,65.61,7.496,59.22,7.714,78.76,7.259,79.48,7.749
4.34,9.890,4.36,4.819,65.34,7.534,59.39,7.717,78.88,7.270,79.20,7.766
4.09,9.913,4.78,4.833,64.47,7.563,59.53,7.722,79.14,7.284,78.57,7.783
3.65,9.943,5.00,4.846,64.05,7.589,59.58,7.728,79.48,7.289,78.28,7.802
3.44,9.971,5.19,4.852,63.30,7.615,59.55,7.741,79.62,7.298,77.59,7.830
3.12,9.998,5.28,4.857,62.95,7.636,59.34,7.774,80.05,7.310,77.15,7.856
2.53,10.025,5.32,4.865,62.38,7.661,59.03,7.805,80.31,7.326,76.32,7.876
2.32,10.050,5.38,4.877,62.16,7.700,58.07,7.821,80.61,7.342,75.83,7.895
1.85,10.074,5.52,4.901,61.79,7.733,57.84,7.832,80.69,7.361,75.35,7.918
1.59,10.113,5.64,4.961,60.97,7.766,57.87,7.840,80.78,7.397,74.41,7.939
1.16,10.139,5.85,5.050,60.45,7.802,58.03,7.849,81.02,7.435,73.94,7.970
0.97,10.161,6.53,5.082,59.34,7.860,58.12,7.859,81.06,7.466,72.75,8.020
0.61,10.187,6.96,5.093,58.52,7.929,58.07,7.879,81.28,7.474,71.89,8.058
0.45,10.201,7.48,5.100,56.32,8.030,57.95,7.914,81.28,7.477,70.15,8.080
0.18,10.210,7.65,5.104,54.74,8.127,57.38,7.951,81.33,7.477,69.42,8.112
0.03,10.220,7.79,5.107,52.85,8.198,56.98,7.972,81.46,7.480,68.68,8.123
-0.17,10.232,7.89,5.111,49.01,8.225,56.22,7.977,81.55,7.483,67.57,8.127
-0.28,10.249,8.02,5.116,47.51,8.226,56.01,7.978,81.73,7.490,67.14,8.132
-0.56,10.275,8.10,5.126,45.89,8.228,55.86,7.992,81.81,7.494,66.68,8.138
-0.65,10.304,8.21,5.137,45.45,8.228,55.83,8.000,81.99,7.504,66.52,8.149
-0.87,10.331,8.24,5.152,44.74,8.228,55.71,8.008,81.98,7.510,66.28,8.185
-1.00,10.361,8.57,5.174,44.54,8.228,55.68,8.017,82.10,7.515,65.30,8.223
-1.34,10.389,8.76,5.187,44.21,8.229,55.53,8.025,82.17,7.524,64.56,8.245
-1.48,10.414,8.89,5.193,44.21,8.231,55.17,8.038,82.17,7.535,63.12,8.262
-1.55,10.438,8.98,5.198,44.05,8.231,54.96,8.057,82.22,7.557,62.54,8.270
-1.84,10.460,9.02,5.202,44.05,8.233,54.33,8.077,82.19,7.590,61.62,8.280
-1.95,10.484,9.02,5.207,44.02,8.237,53.99,8.088,81.97,7.620,61.25,8.297
-2.13,10.505,9.11,5.217,43.88,8.240,53.34,8.102,81.79,7.625,60.89,8.335
-2.21,10.531,9.41,5.234,43.89,8.251,53.10,8.108,81.67,7.628,59.62,8.366
-2.31,10.557,9.63,5.245,43.66,8.275,52.69,8.116,81.56,7.633,58.72,8.388
-2.41,10.589,9.92,5.257,43.28,8.306,52.54,8.126,81.51,7.645,57.04,8.404
-2.53,10.619,10.10,5.265,42.12,8.328,52.44,8.138,81.36,7.664,56.35,8.449
-2.56,10.639,10.28,5.275,41.45,8.343,52.08,8.163,81.25,7.691,54.53,8.500
-2.78,10.658,10.33,5.292,40.25,8.369,51.79,8.184,80.84,7.717,53.26,8.542
-2.83,10.685,10.69,5.309,39.69,8.379,50.88,8.196,80.49,7.742,50.64,8.584
-2.90,10.716,10.87,5.327,39.17,8.388,50.56,8.212,80.18,7.763,49.31,8.606
-2.96,10.760,11.14,5.341,38.18,8.397,49.83,8.225,79.59,7.780,48.19,8.622
-2.96,10.799,11.29,5.352,37.81,8.415,49.45,8.247,79.35,7.793,46.68,8.638
-3.00,10.845,11.36,5.363,37.04,8.437,48.71,8.261,78.78,7.812,46.01,8.657
-3.08,10.892,11.70,5.374,36.65,8.454,48.29,8.278,78.57,7.834,44.75,8.676
-3.08,10.928,11.86,5.385,35.64,8.467,47.44,8.288,78.05,7.849,44.10,8.699
-3.07,10.969,12.11,5.394,35.24,8.470,47.06,8.292,77.71,7.862,42.84,8.719
-3.07,11.007,12.23,5.411,34.69,8.478,46.47,8.300,77.20,7.870,42.26,8.743
-3.03,11.063,12.48,5.419,34.50,8.487,46.20,8.311,77.01,7.874,40.99,8.776
-3.06,11.117,12.70,5.430,34.29,8.501,45.94,8.330,76.85,7.878,40.27,8.804
-3.09,11.162,12.89,5.444,34.01,8.515,45.30,8.355,76.59,7.885,38.78,8.822
-3.05,11.211,13.04,5.465,33.68,8.525,44.78,8.390,76.53,7.893,38.19,8.851
-3.05,11.269,13.40,5.485,33.23,8.533,43.37,8.408,76.28,7.907,37.59,8.875
-3.06,11.324,13.63,5.512,33.06,8.540,42.72,8.427,76.10,7.925,36.25,8.892
-3.08,11.358,14.23,5.520,32.66,8.545,41.56,8.440,75.65,7.945,35.61,8.906
-3.12,11.396,14.38,5.534,32.48,8.553,41.11,8.456,75.39,7.975,34.72,8.930
-3.15,11.421,14.53,5.539,32.16,8.558,40.28,8.465,74.95,7.989,34.25,8.950
-3.08,11.445,14.86,5.550,32.03,8.567,39.82,8.485,74.13,7.997,33.31,8.965
-3.10,11.464,15.04,5.554,31.77,8.575,39.44,8.503,73.77,8.020,32.78,8.988
-3.03,11.498,15.19,5.557,31.31,8.586,38.64,8.509,73.08,8.036,31.82,9.020
-3.02,11.541,15.31,5.564,31.00,8.606,38.29,8.517,72.70,8.050,31.18,9.043
-3.00,11.594,15.68,5.575,30.30,8.646,37.77,8.523,71.88,8.052,30.57,9.073
-3.07,11.657,15.89,5.586,29.68,8.679,37.51,8.529,71.68,8.052,29.34,9.120
-3.06,11.713,16.51,5.597,28.17,8.712,37.16,8.536,71.49,8.053,28.47,9.166
-3.10,11.759,16.75,5.616,27.40,8.727,36.96,8.547,71.29,8.058,26.74,9.202
-3.15,11.803,17.15,5.619,26.27,8.741,36.55,8.556,71.23,8.060,25.93,9.235
-3.12,11.864,17.33,5.630,25.90,8.763,36.28,8.567,71.11,8.063,24.35,9.258
-3.13,11.877,17.44,5.634,25.46,8.817,36.02,8.583,71.07,8.066,23.73,9.272
-3.16,11.894,17.80,5.650,23.92,8.910,35.44,8.597,70.91,8.077,23.14,9.282
-3.11,11.913,17.94,5.669,22.76,8.976,35.11,8.600,70.79,8.085,22.45,9.290
-3.11,11.932,18.39,5.694,19.90,9.007,34.65,8.602,70.64,8.108,22.19,9.294
-3.21,11.949,18.72,5.719,18.84,9.012,34.43,8.606,69.91,8.132,21.80,9.298
-3.18,11.969,19.33,5.746,17.54,9.018,34.18,8.610,69.47,8.159,21.61,9.302
-3.22,11.999,19.69,5.765,17.10,9.027,34.09,8.614,68.37,8.178,21.26,9.312
-3.21,12.050,20.43,5.792,16.43,9.037,33.85,8.617,67.86,8.190,21.09,9.326
-3.25,12.139,20.83,5.801,16.17,9.049,33.78,8.619,67.39,8.206,20.64,9.337
-3.25,12.180,21.18,5.810,15.92,9.064,33.76,8.621,66.53,8.245,20.41,9.357
-3.26,12.226,21.88,5.826,15.40,9.090,33.70,8.621,65.85,8.280,20.15,9.398
-3.21,12.284,22.16,5.840,15.03,9.109,33.66,8.627,64.06,8.336,19.48,9.442
-3.21,12.342,22.64,5.854,14.25,9.128,33.52,8.630,62.83,8.390,18.93,9.477
-3.19,12.403,22.91,5.872,13.90,9.145,33.40,8.638,60.12,8.441,17.81,9.508
-3.24,12.491,23.38,5.897,13.02,9.181,33.11,8.644,58.64,8.485,17.25,9.533
-3.25,12.606,23.57,5.919,12.55,9.235,32.92,8.647,57.24,8.515,16.34,9.549
-3.28,12.670,24.17,5.956,11.22,9.274,32.75,8.652,54.93,8.559,15.99,9.558
-3.29,12.711,24.49,5.977,10.55,9.296,32.66,8.655,53.78,8.589,15.47,9.571
-3.32,12.744,24.81,5.996,9.43,9.313,32.58,8.666,51.45,8.625,15.27,9.591
-3.36,12.782,25.50,6.019,9.00,9.329,32.29,8.680,50.39,8.663,14.83,9.615
-3.36,12.827,25.78,6.035,8.66,9.349,32.06,8.699,48.13,8.710,14.56,9.645
-3.32,12.866,26.38,6.057,8.01,9.375,31.21,8.716,46.86,8.754,14.25,9.689
-3.36,12.895,26.73,6.079,7.61,9.403,30.76,8.735,44.33,8.792,13.50,9.701
-3.36,12.920,27.42,6.103,6.84,9.419,29.94,8.749,43.13,8.809,13.17,9.712
-3.34,12.956,27.79,6.125,6.52,9.445,29.50,8.754,41.42,8.817,12.73,9.723
-3.26,12.989,28.15,6.143,5.83,9.466,28.94,8.760,40.86,8.825,12.48,9.731
-3.25,13.033,28.84,6.158,5.55,9.488,28.67,8.768,40.35,8.829,12.22,9.742
-3.29,13.074,29.26,6.180,4.94,9.499,28.43,8.781,39.80,8.829,12.07,9.758
-3.30,13.132,29.80,6.202,4.73,9.513,27.97,8.795,39.64,8.836,11.77,9.788
-3.31,13.210,30.20,6.227,4.40,9.522,27.65,8.812,39.23,8.848,11.55,9.814
-3.31,13.289,30.93,6.250,4.18,9.530,26.91,8.855,38.98,8.864,11.05,9.833
-3.33,13.338,31.33,6.269,3.97,9.539,26.27,8.892,38.23,8.897,10.84,9.857
-3.34,13.369,31.78,6.280,3.86,9.558,24.65,8.927,37.60,8.946,10.66,9.877
-3.34,13.404,31.97,6.294,3.49,9.580,23.86,8.968,35.76,8.987,10.11,9.898
-3.37,13.448,32.19,6.304,3.24,9.612,23.03,8.991,34.73,9.032,9.94,9.915
-3.34,13.501,32.67,6.313,2.97,9.634,21.49,9.021,33.71,9.064,9.64,9.943
-3.41,13.581,33.03,6.330,2.43,9.649,20.89,9.067,31.90,9.079,9.45,9.976
-3.40,13.668,33.63,6.365,2.20,9.657,19.41,9.107,31.15,9.087,8.94,10.017
-3.48,13.755,34.01,6.393,1.84,9.664,18.64,9.122,30.10,9.095,8.66,10.059
-3.45,13.851,35.05,6.425,1.71,9.675,17.41,9.139,29.70,9.106,8.12,10.085
-3.46,13.906,35.53,6.440,1.51,9.687,16.96,9.150,29.07,9.125,7.90,10.094
-3.50,13.946,36.42,6.447,1.39,9.709,16.27,9.169,28.73,9.147,7.61,10.105
-3.49,13.994,36.77,6.456,1.09,9.723,15.92,9.178,28.30,9.170,7.48,10.116
-3.50,14.051,37.08,6.465,0.90,9.736,15.32,9.183,27.34,9.195,7.27,10.127
-3.45,14.098,37.67,6.478,0.61,9.747,15.10,9.186,26.85,9.224,7.17,10.141
-3.48,14.136,37.97,6.494,0.51,9.752,14.93,9.189,25.63,9.263,6.98,10.147
-3.41,14.180,38.52,6.511,0.36,9.758,14.68,9.191,24.97,9.294,6.91,10.161
-3.45,14.227,39.06,6.539,0.32,9.764,14.58,9.194,23.64,9.302,6.83,10.172
-3.48,14.274,40.34,6.599,0.28,9.774,14.41,9.202,23.20,9.312,6.70,10.180
-3.49,14.318,40.90,6.654,0.20,9.781,14.32,9.211,22.59,9.320,6.62,10.193
-3.49,14.378,41.80,6.698,0.11,9.791,14.06,9.219,22.39,9.324,6.49,10.205
-3.48,14.426,42.32,6.720,0.03,9.806,13.95,9.224,22.19,9.337,6.42,10.215
-3.53,14.478,42.80,6.723,-0.21,9.822,13.66,9.230,21.76,9.343,6.35,10.229
-3.52,14.533,43.65,6.725,-0.38,9.844,13.55,9.232,21.56,9.349,6.23,10.235
-3.56,14.585,43.95,6.726,-0.60,9.865,13.42,9.233,21.19,9.356,6.21,10.249
-3.52,14.632,44.44,6.728,-0.89,9.869,13.42,9.239,20.94,9.367,6.16,10.275
-3.48,14.676,44.68,6.732,-1.06,9.874,13.36,9.257,20.72,9.379,5.94,10.303
-3.52,14.717,45.50,6.737,-1.17,9.876,12.99,9.277,20.46,9.386,5.87,10.325
-3.50,14.753,45.78,6.740,-1.24,9.882,12.83,9.305,20.05,9.389,5.57,10.369
-3.53,14.791,46.27,6.750,-1.27,9.887,12.21,9.348,19.92,9.392,5.45,10.403
-3.53,14.820,46.62,6.765,-1.33,9.896,11.79,9.382,19.76,9.398,5.21,10.436
-3.57,14.846,46.68,6.772,-1.39,9.904,10.82,9.404,19.56,9.406,5.12,10.460
-3.52,14.883,46.67,6.780,-1.44,9.913,10.41,9.420,19.43,9.415,5.03,10.480
-3.54,14.927,46.68,6.787,-1.54,9.923,9.69,9.439,19.08,9.426,4.85,10.507
-3.56,14.982,46.75,6.805,-1.57,9.942,9.41,9.459,18.94,9.442,4.79,10.529
-3.56,15.025,46.85,6.820,-1.86,9.959,8.87,9.492,18.45,9.459,4.72,10.543
-3.57,15.083,47.40,6.852,-2.00,9.975,8.50,9.536,18.19,9.483,4.68,10.553
-3.57,15.144,47.45,6.877,-2.22,9.997,7.76,9.568,17.58,9.506,4.65,10.559
-3.58,15.188,47.68,6.901,-2.36,10.026,7.40,9.591,17.21,9.547,4.63,10.568
-3.66,15.219,47.89,6.918,-2.70,10.044,7.00,9.605,16.75,9.587,4.72,10.586
-3.64,15.254,48.19,6.932,-2.82,10.074,6.36,9.620,15.75,9.621,4.69,10.606
-3.64,15.292,48.30,6.943,-3.09,10.102,6.19,9.632,15.26,9.654,4.66,10.622
-3.68,15.329,48.58,6.955,-3.25,10.136,5.75,9.645,14.22,9.684,4.67,10.645
-3.66,15.383,48.64,6.985,-3.51,10.150,5.60,9.675,13.73,9.720,4.67,10.669
-3.60,15.422,49.27,7.029,-3.60,10.165,5.11,9.715,12.79,9.750,4.64,10.689
-3.63,15.444,49.23,7.058,-3.71,10.171,4.86,9.744,12.35,9.777,4.57,10.707
-3.68,15.468,49.17,7.086,-3.92,10.188,4.26,9.766,11.67,9.797,4.56,10.722
-3.67,15.486,49.01,7.119,-3.96,10.201,4.02,9.786,11.26,9.824,4.57,10.743
-3.68,15.515,48.84,7.144,-4.22,10.224,3.65,9.791,10.64,9.866,4.54,10.768
-3.71,15.549,48.70,7.171,-4.25,10.238,3.53,9.803,10.21,9.915,4.53,10.798
-3.67,15.595,48.60,7.196,-4.43,10.251,3.13,9.814,9.33,9.951,4.53,10.826
-3.66,15.620,48.19,7.212,-4.53,10.271,2.96,9.833,8.88,9.982,4.52,10.860
-3.65,15.639,48.00,7.237,-4.61,10.298,2.77,9.844,8.55,10.036,4.46,10.890
-3.66,15.659,47.23,7.263,-4.68,10.315,2.70,9.858,7.83,10.096,4.45,10.922
-3.65,15.683,46.87,7.303,-4.79,10.325,2.53,9.877,7.35,10.147,4.40,10.950
-3.67,15.702,46.23,7.332,-4.86,10.334,2.30,9.887,6.39,10.190,4.40,10.975
-3.66,15.721,46.00,7.347,-4.91,10.342,2.21,9.898,6.01,10.216,4.40,11.021
-3.66,15.754,45.69,7.356,-4.88,10.348,2.00,9.924,5.38,10.237,4.38,11.062
-3.68,15.799,45.56,7.369,-4.92,10.370,1.86,9.957,5.10,10.251,4.38,11.095
-3.66,15.849,45.35,7.381,-4.96,10.396,1.56,9.978,4.77,10.267,4.37,11.124
-3.64,15.917,45.21,7.403,-5.01,10.403,1.40,9.992,4.65,10.281,4.32,11.143
-3.66,15.977,45.03,7.425,-5.10,10.416,1.05,10.000,4.39,10.295,4.41,11.157
-3.69,16.027,44.58,7.452,-5.17,10.427,0.97,10.015,4.24,10.314,4.40,11.176
-3.66,16.082,44.33,7.485,-5.17,10.440,0.80,10.036,4.08,10.342,4.38,11.198
-3.68,16.112,43.75,7.512,-5.20,10.449,0.65,10.066,3.92,10.377,4.38,11.226
-3.67,16.140,43.41,7.530,-5.21,10.463,0.42,10.081,3.58,10.407,4.31,11.253
-3.66,16.167,42.82,7.546,-5.19,10.477,0.28,10.092,3.42,10.430,4.33,11.285
-3.67,16.222,42.44,7.562,-5.26,10.490,0.13,10.105,3.26,10.443,4.33,11.313
-3.68,16.297,41.96,7.576,-5.28,10.507,0.04,10.124,3.08,10.452,4.35,11.335
-3.71,16.363,41.85,7.587,-5.27,10.537,-0.16,10.176,2.96,10.457,4.38,11.349
-3.78,16.394,41.74,7.601,-5.22,10.564,-0.33,10.201,2.86,10.458,4.34,11.363
-3.73,16.424,41.25,7.615,-5.28,10.601,-0.60,10.213,2.84,10.465,4.31,11.387
-3.74,16.459,41.07,7.634,-5.30,10.636,-0.64,10.229,2.76,10.476,4.39,11.420
-3.80,16.498,40.83,7.654,-5.34,10.661,-0.68,10.237,2.74,10.493,4.31,11.461
-3.79,16.542,40.64,7.676,-5.37,10.674,-0.71,10.242,2.62,10.504,4.35,11.509
-3.78,16.610,40.25,7.698,-5.36,10.688,-0.68,10.246,2.59,10.515,4.35,11.558
-3.78,16.707,40.03,7.711,-5.32,10.708,-0.79,10.249,2.52,10.513,4.31,11.616
-3.79,16.804,39.42,7.724,-5.33,10.733,-0.82,10.260,2.47,10.515,4.27,11.673
-3.80,16.889,39.34,7.738,-5.35,10.751,-0.88,10.295,2.47,10.516,4.33,11.723
-3.82,16.932,39.08,7.757,-5.45,10.768,-0.89,10.323,2.49,10.523,4.30,11.784
-3.82,16.969,38.57,7.779,-5.42,10.777,-1.08,10.342,2.40,10.529,4.32,11.794
-3.78,17.002,38.22,7.799,-5.34,10.784,-1.08,10.367,2.40,10.537,4.28,11.792
-3.83,17.031,37.30,7.819,-5.39,10.795,-1.20,10.397,2.37,10.537,4.24,11.795
-3.77,17.076,37.01,7.843,-5.45,10.807,-1.27,10.418,2.34,10.545,4.26,11.795
-3.75,17.117,36.33,7.863,-5.44,10.826,-1.38,10.429,2.27,10.560,4.25,11.797
-3.75,17.185,36.05,7.878,-5.46,10.843,-1.42,10.446,2.27,10.579,4.25,11.798
-3.72,17.261,35.88,7.893,-5.48,10.865,-1.45,10.463,2.24,10.601,4.22,11.800
-3.69,17.351,35.85,7.906,-5.45,10.881,-1.48,10.474,2.14,10.612,4.28,11.803
-3.75,17.439,35.67,7.909,-5.45,10.892,-1.53,10.487,2.09,10.619,4.29,11.809
-3.75,17.521,35.47,7.918,-5.50,10.900,-1.52,10.502,1.97,10.625,4.30,11.819
-3.76,17.579,35.30,7.925,-5.50,10.906,-1.53,10.521,2.00,10.637,4.29,11.833
-3.75,17.656,34.95,7.947,-5.45,10.909,-1.57,10.535,2.01,10.659,4.27,11.845
-3.76,17.712,34.73,7.966,-5.46,10.922,-1.56,10.559,1.97,10.675,4.29,11.855
-3.75,17.747,34.11,7.986,-5.39,10.937,-1.60,10.606,1.84,10.689,4.21,11.864
-3.78,17.799,33.68,8.013,-5.34,10.958,-1.63,10.647,1.87,10.721,4.27,11.878
-3.81,17.869,32.89,8.028,-5.38,10.967,-1.72,10.669,1.79,10.744,4.28,11.899
-3.76,17.918,32.56,8.047,-5.46,10.972,-1.76,10.685,1.73,10.774,4.30,11.927
-3.79,17.960,32.40,8.068,-5.49,10.977,-1.74,10.716,1.69,10.791,4.27,11.969
-3.78,17.998,32.11,8.094,-5.44,10.985,-1.77,10.749,1.68,10.818,4.21,12.020
-3.79,18.039,31.63,8.118,-5.49,10.999,-1.79,10.779,1.60,10.828,4.27,12.062
-3.80,18.075,30.59,8.140,-5.43,11.027,-1.79,10.826,1.63,10.851,4.27,12.087
-3.81,18.108,30.17,8.163,-5.47,11.068,-1.77,10.875,1.60,10.871,4.24,12.112
-3.81,18.118,29.36,8.176,-5.47,11.107,-1.79,10.922,1.56,10.901,4.23,12.134
-3.81,18.121,29.00,8.195,-5.45,11.134,-1.87,10.980,1.56,10.925,4.32,12.156
-3.83,18.125,28.28,8.211,-5.54,11.153,-1.92,11.003,1.57,10.952,4.29,12.188
-3.84,18.129,28.07,8.237,-5.59,11.173,-1.88,11.024,1.55,10.997,4.30,12.233
-3.91,18.132,27.67,8.272,-5.57,11.192,-1.84,11.046,1.54,11.057,4.23,12.263
-3.89,18.138,26.44,8.317,-5.54,11.203,-1.90,11.058,1.50,11.099,4.30,12.284
-3.87,18.143,25.66,8.352,-5.55,11.212,-1.91,11.080,1.51,11.143,4.26,12.296
-3.90,18.146,24.35,8.404,-5.55,11.222,-1.89,11.117,1.48,11.194,4.23,12.302
-3.92,18.154,23.73,8.441,-5.51,11.231,-1.96,11.150,1.48,11.226,4.22,12.307
-3.87,18.162,22.15,8.470,-5.58,11.242,-1.94,11.172,1.40,11.253,4.19,12.315
-3.88,18.166,21.42,8.485,-5.61,11.255,-1.97,11.183,1.43,11.281,4.22,12.323
-3.85,18.173,20.77,8.498,-5.58,11.269,-1.92,11.194,1.40,11.296,4.21,12.337
-3.86,18.180,19.86,8.507,-5.59,11.289,-1.97,11.206,1.35,11.308,4.19,12.353
-3.88,18.190,19.57,8.518,-5.58,11.307,-2.04,11.214,1.32,11.325,4.19,12.375
-3.93,18.195,18.92,8.534,-5.58,11.314,-1.94,11.225,1.40,11.343,4.20,12.422
-3.94,18.201,18.60,8.558,-5.59,11.325,-1.96,11.233,1.43,11.366,4.22,12.471
-3.92,18.198,17.92,8.613,-5.60,11.351,-2.00,11.236,1.42,11.390,4.15,12.508
-3.90,18.199,17.43,8.660,-5.58,11.374,-1.96,11.241,1.38,11.404,4.11,12.566
-3.96,18.201,15.84,8.683,-5.53,11.390,-1.95,11.248,1.34,11.417,4.15,12.631
-4.01,18.201,15.12,8.691,-5.50,11.423,-1.92,11.261,1.35,11.429,4.14,12.667
-4.03,18.202,14.43,8.702,-5.49,11.451,-1.87,11.269,1.36,11.437,4.14,12.698
-4.02,18.202,14.25,8.715,-5.51,11.486,-1.84,11.278,1.37,11.445,4.18,12.722
-4.05,18.204,13.99,8.729,-5.49,11.519,-1.91,11.286,1.34,11.454,4.24,12.750
-4.07,18.210,13.45,8.763,-5.53,11.556,-1.92,11.292,1.36,11.464,4.24,12.766
-4.05,18.226,13.05,8.803,-5.48,11.577,-1.82,11.311,1.40,11.486,4.19,12.778
-4.03,18.276,11.92,8.872,-5.49,11.613,-1.83,11.332,1.38,11.505,4.22,12.793
-4.03,18.344,11.05,8.916,-5.49,11.635,-1.79,11.366,1.41,11.514,4.24,12.808
-4.03,18.436,9.47,8.952,-5.47,11.638,-1.75,11.407,1.35,11.530,4.26,12.826
-4.06,18.473,8.79,8.988,-5.48,11.643,-1.74,11.445,1.38,11.544,4.29,12.855
-4.08,18.490,7.49,9.012,-5.47,11.647,-1.69,11.483,1.40,11.569,4.31,12.898
-4.03,18.499,6.96,9.026,-5.46,11.654,-1.72,11.541,1.38,11.597,4.29,12.932
-4.07,18.506,6.33,9.040,-5.45,11.660,-1.72,11.613,1.37,11.624,4.32,12.958
-4.14,18.510,5.98,9.064,-5.43,11.676,-1.73,11.713,1.40,11.655,4.26,12.969
-4.12,18.515,5.38,9.085,-5.39,11.693,-1.74,11.753,1.44,11.682,4.27,12.978
-4.12,18.528,5.07,9.104,-5.45,11.712,-1.77,11.772,1.44,11.699,4.31,13.001
-4.15,18.543,4.83,9.137,-5.42,11.724,-1.76,11.786,1.42,11.712,4.24,13.030
-4.12,18.561,4.20,9.166,-5.41,11.748,-1.79,11.798,1.45,11.723,4.31,13.063
-4.07,18.573,3.77,9.184,-5.35,11.773,-1.77,11.817,1.45,11.740,4.28,13.110
-4.10,18.598,3.14,9.208,-5.39,11.801,-1.74,11.838,1.48,11.795,4.29,13.152
-4.15,18.622,2.86,9.228,-5.36,11.827,-1.81,11.867,1.54,11.858,4.25,13.182
-4.10,18.656,2.32,9.250,-5.36,11.872,-1.82,11.916,1.59,11.904,4.22,13.214
-4.13,18.685,2.11,9.272,-5.40,11.904,-1.76,11.991,1.57,11.922,4.24,13.237
-4.16,18.702,1.78,9.296,-5.38,11.921,-1.76,12.023,1.46,11.944,4.24,13.281
-4.14,18.722,1.63,9.326,-5.37,11.947,-1.75,12.053,1.49,11.976,4.20,13.317
-4.21,18.732,1.24,9.346,-5.40,11.984,-1.79,12.089,1.49,12.006,4.16,13.349
-4.22,18.743,1.07,9.367,-5.34,11.991,-1.77,12.131,1.49,12.028,4.14,13.380
-4.21,18.758,0.62,9.378,-5.30,11.998,-1.75,12.158,1.46,12.068,4.17,13.411
-4.19,18.774,0.51,9.395,-5.27,11.998,-1.79,12.183,1.46,12.130,4.15,13.446
-4.22,18.779,0.19,9.404,-5.25,11.995,-1.80,12.199,1.41,12.171,4.20,13.474
-4.24,18.779,0.05,9.415,-5.27,11.991,-1.86,12.213,1.42,12.189,4.21,13.504
-4.27,18.777,-0.19,9.434,-5.22,11.985,-1.92,12.229,1.39,12.199,4.21,13.531
-4.24,18.776,-0.36,9.472,-5.20,11.968,-1.88,12.251,1.40,12.204,4.24,13.554
-4.22,18.769,-0.53,9.495,-5.23,11.958,-1.88,12.291,1.42,12.211,4.27,13.570
-4.21,18.766,-0.91,9.513,-5.13,11.958,-1.83,12.340,1.43,12.222,4.28,13.583
-4.26,18.765,-1.11,9.538,-5.06,11.958,-1.82,12.386,1.44,12.232,4.25,13.595
-4.26,18.757,-1.43,9.563,-5.09,11.960,-1.85,12.427,1.45,12.241,4.24,13.602
-4.23,18.757,-1.66,9.604,-5.05,11.962,-1.76,12.467,1.45,12.257,4.29,13.609
-4.18,18.755,-2.11,9.654,-5.10,11.965,-1.74,12.511,1.47,12.276,4.28,13.617
-4.19,18.755,-2.43,9.690,-5.14,11.969,-1.84,12.540,1.48,12.309,,
-4.21,18.755,-3.00,9.747,-5.08,11.969,-1.85,12.559,1.50,12.354,,
-4.22,18.755,-3.36,9.817,-5.07,11.969,-1.85,12.571,1.49,12.412,,
-4.22,18.755,-4.07,9.872,-5.11,11.969,-1.88,12.581,1.50,12.464,,
-4.23,18.755,-4.43,9.923,-5.05,11.969,-1.97,12.584,1.51,12.540,,
-4.26,18.754,-4.98,9.951,-5.07,11.969,-1.98,12.588,1.51,12.603,,
-4.25,18.754,-5.15,9.978,-5.08,11.969,-1.90,12.595,1.52,12.676,,
-4.22,18.754,-5.51,10.000,-5.10,11.969,-1.93,12.603,1.57,12.733,,
-4.24,18.754,-5.60,10.020,-5.04,11.969,-1.91,12.621,1.51,12.796,,
-4.18,18.754,-5.81,10.044,-5.11,11.969,-1.90,12.651,1.52,12.843,,
-4.22,18.754,-5.91,10.089,-5.12,11.969,-1.84,12.675,1.51,12.876,,
-4.30,18.752,-6.20,10.130,-5.08,11.969,-1.93,12.694,1.59,12.909,,
-4.32,18.752,-6.32,10.147,-5.07,11.969,-1.95,12.705,1.56,12.937,,
-4.31,18.752,-6.43,10.163,-5.10,11.969,-1.86,12.708,1.56,12.961,,
-4.31,18.752,-6.50,10.180,-5.09,11.969,-1.87,12.708,1.53,12.984,,
-4.28,18.752,-6.66,10.188,,,-1.92,12.706,1.53,13.031,,
-4.24,18.752,-6.66,10.193,,,-1.94,12.701,1.55,13.075,,
-4.30,18.752,-6.64,10.201,,,-1.95,12.700,1.48,13.113,,
-4.32,18.752,-6.70,10.215,,,-2.00,12.697,1.48,13.144,,
-4.31,18.752,-6.68,10.240,,,,,1.52,13.170,,
-4.33,18.752,-6.75,10.264,,,,,1.56,13.187,,
-4.31,18.752,-6.74,10.293,,,,,1.58,13.206,,
-4.33,18.752,-6.91,10.317,,,,,1.58,13.229,,
-4.32,18.752,-6.93,10.334,,,,,1.57,13.256,,
-4.31,18.752,-6.92,10.339,,,,,1.59,13.278,,
-4.25,18.752,-6.97,10.344,,,,,1.59,13.292,,
-4.35,18.752,-7.00,10.352,,,,,1.52,13.308,,
-4.36,18.752,-7.03,10.358,,,,,1.52,13.322,,
-4.35,18.752,-7.05,10.366,,,,,1.51,13.347,,
-4.34,18.752,-7.04,10.378,,,,,1.49,13.366,,
-4.37,18.752,-7.11,10.391,,,,,1.48,13.377,,
-4.39,18.752,-7.09,10.414,,,,,1.52,13.393,,
-4.31,18.752,-7.21,10.444,,,,,1.51,13.411,,
-4.37,18.752,-7.24,10.482,,,,,1.53,13.446,,
-4.34,18.752,-7.30,10.496,,,,,1.52,13.477,,
-4.36,18.752,-7.32,10.524,,,,,1.53,13.521,,
-4.40,18.752,-7.31,10.540,,,,,1.51,13.556,,
-4.41,18.752,-7.30,10.564,,,,,1.52,13.591,,
-4.42,18.751,-7.40,10.584,,,,,1.57,13.630,,
-4.46,18.751,-7.38,10.615,,,,,1.51,13.666,,
-4.42,18.751,-7.37,10.641,,,,,1.51,13.719,,
-4.43,18.751,-7.41,10.661,,,,,1.53,13.776,,
-4.37,18.751,-7.42,10.678,,,,,1.54,13.821,,
-4.40,18.751,-7.41,10.694,,,,,1.62,13.869,,
-4.36,18.751,-7.44,10.708,,,,,1.59,13.902,,
-4.36,18.751,-7.41,10.725,,,,,1.54,13.939,,
-4.39,18.751,-7.39,10.741,,,,,1.56,13.983,,
-4.37,18.751,-7.37,10.757,,,,,1.60,14.016,,
-4.37,18.751,-7.39,10.779,,,,,1.58,14.071,,
-4.33,18.751,-7.33,10.796,,,,,1.59,14.114,,
-4.34,18.751,-7.27,10.802,,,,,1.62,14.172,,
-4.38,18.751,-7.30,10.810,,,,,1.61,14.216,,
-4.40,18.751,-7.35,10.815,,,,,1.66,14.253,,
-4.40,18.751,-7.41,10.815,,,,,1.68,14.293,,
-4.43,18.751,-7.37,10.820,,,,,1.70,14.346,,
-4.42,18.751,-7.38,10.837,,,,,1.66,14.378,,
-4.41,18.751,-7.31,10.840,,,,,1.73,14.396,,
-4.42,18.751,-7.30,10.870,,,,,1.76,14.415,,
-4.40,18.751,-7.32,10.901,,,,,1.72,14.456,,
-4.46,18.751,-7.42,10.956,,,,,1.74,14.508,,
-4.48,18.751,-7.41,10.959,,,,,1.72,14.546,,
-4.55,18.751,-7.49,10.936,,,,,1.66,14.582,,
-4.47,18.751,-7.47,10.920,,,,,1.72,14.621,,
-4.44,18.751,-7.40,10.909,,,,,1.71,14.663,,
-4.46,18.751,-7.36,10.898,,,,,1.76,14.701,,
-4.47,18.751,-7.39,10.898,,,,,1.77,14.709,,
-4.44,18.751,-7.44,10.898,,,,,1.77,14.703,,
-4.46,18.751,-7.45,10.900,,,,,1.77,14.693,,
-4.45,18.751,-7.42,10.900,,,,,1.81,14.684,,
-4.47,18.751,-7.40,10.900,,,,,1.74,14.692,,
-4.50,18.751,-7.39,10.900,,,,,1.78,14.689,,
-4.48,18.751,-7.37,10.900,,,,,1.75,14.689,,
-4.52,18.751,-7.45,10.900,,,,,1.80,14.689,,
-4.54,18.751,-7.40,10.900,,,,,1.76,14.689,,
-4.49,18.751,-7.49,10.900,,,,,1.75,14.689,,
-4.47,18.751,-7.46,10.900,,,,,1.74,14.690,,
-4.47,18.751,-7.47,10.900,,,,,1.72,14.690,,
-4.48,18.751,-7.42,10.900,,,,,1.75,14.690,,
-4.51,18.751,-7.46,10.900,,,,,1.77,14.690,,
-4.53,18.751,-7.46,10.900,,,,,1.80,14.690,,
-4.53,18.751,-7.45,10.900,,,,,1.83,14.690,,
-4.48,18.751,-7.45,10.900,,,,,1.75,14.690,,
-4.46,18.751,-7.48,10.900,,,,,1.71,14.690,,
-4.51,18.751,-7.49,10.900,,,,,1.77,14.690,,
-4.54,18.751,-7.49,10.900,,,,,1.77,14.690,,
-4.49,18.751,-7.53,10.898,,,,,1.74,14.690,,
-4.56,18.751,-7.44,10.898,,,,,1.69,14.690,,
-4.53,18.751,-7.43,10.898,,,,,1.71,14.689,,
-4.51,18.751,-7.48,10.898,,,,,1.82,14.689,,
-4.54,18.751,-7.48,10.898,,,,,1.81,14.689,,
-4.51,18.751,-7.47,10.898,,,,,1.77,14.689,,
-4.48,18.751,-7.51,10.898,,,,,1.80,14.689,,
-4.46,18.751,-7.44,10.898,,,,,1.79,14.689,,
-4.59,18.751,-7.43,10.898,,,,,1.76,14.689,,
-4.59,18.751,-7.40,10.898,,,,,1.78,14.689,,
-4.56,18.751,-7.47,10.898,,,,,1.78,14.689,,
-4.53,18.751,-7.48,10.898,,,,,1.78,14.689,,
-4.42,18.751,-7.44,10.898,,,,,1.82,14.687,,
-4.51,18.751,-7.46,10.898,,,,,1.82,14.687,,
-4.53,18.751,-7.45,10.898,,,,,1.88,14.687,,
-4.54,18.751,-7.41,10.898,,,,,1.89,14.687,,
-4.45,18.749,-7.41,10.898,,,,,1.92,14.687,,
-4.43,18.749,-7.43,10.898,,,,,1.91,14.687,,
-4.48,18.749,-7.45,10.898,,,,,1.87,14.687,,
-4.46,18.749,-7.47,10.898,,,,,1.91,14.687,,
-4.52,18.749,-7.55,10.898,,,,,1.92,14.687,,
-4.52,18.749,-7.55,10.898,,,,,1.97,14.687,,
-4.52,18.749,-7.57,10.898,,,,,1.91,14.687,,
-4.53,18.749,-7.59,10.898,,,,,1.89,14.687,,
-4.59,18.749,-7.62,10.898,,,,,1.93,14.687,,
-4.59,18.749,-7.67,10.898,,,,,1.90,14.687,,
-4.54,18.749,-7.67,10.898,,,,,1.91,14.687,,
-4.55,18.749,-7.71,10.898,,,,,1.90,14.687,,
-4.62,18.749,-7.65,10.898,,,,,1.88,14.687,,
-4.53,18.749,-7.65,10.898,,,,,1.92,14.687,,
-4.53,18.749,-7.69,10.898,,,,,1.91,14.687,,
-4.56,18.749,-7.68,10.898,,,,,1.91,14.687,,
-4.62,18.749,-7.65,10.898,,,,,1.90,14.687,,
-4.67,18.749,-7.72,10.898,,,,,1.93,14.687,,
-4.69,18.749,-7.67,10.898,,,,,1.90,14.687,,
-4.74,18.749,-7.65,10.898,,,,,1.87,14.687,,
-4.73,18.749,-7.64,10.898,,,,,1.91,14.687,,
-4.71,18.749,-7.68,10.898,,,,,1.94,14.687,,
-4.71,18.749,-7.60,10.898,,,,,1.92,14.687,,
-4.73,18.749,-7.56,10.898,,,,,1.92,14.687,,
-4.73,18.749,-7.64,10.898,,,,,1.95,14.687,,
-4.72,18.749,-7.58,10.898,,,,,1.96,14.687,,
-4.74,18.749,-7.62,10.898,,,,,,14.687,,
-4.71,18.749,-7.63,10.898,,,,,,,,
-4.76,18.749,-7.61,10.898,,,,,,,,
-4.80,18.749,-7.67,10.898,,,,,,,,
-4.82,18.749,-7.69,10.898,,,,,,,,
-4.78,18.749,-7.77,10.898,,,,,,,,
-4.76,18.749,-7.82,10.898,,,,,,,,
-4.87,18.749,-7.75,10.898,,,,,,,,
-4.79,18.749,-7.75,10.898,,,,,,,,
-4.82,18.749,-7.73,10.898,,,,,,,,
-4.75,18.749,-7.73,10.897,,,,,,,,
-4.80,18.749,-7.72,10.897,,,,,,,,
-4.82,18.749,-7.71,10.897,,,,,,,,
-4.89,18.749,-7.74,10.897,,,,,,,,
-4.91,18.749,-7.72,10.897,,,,,,,,
-4.94,18.749,-7.78,10.897,,,,,,,,
-4.94,18.749,-7.82,10.897,,,,,,,,
-4.93,18.749,-7.75,10.897,,,,,,,,
-4.97,18.749,-7.74,10.897,,,,,,,,
-5.03,18.749,-7.74,10.897,,,,,,,,
-4.92,18.749,-7.69,10.897,,,,,,,,
-4.91,18.749,-7.67,10.897,,,,,,,,
-4.94,18.749,-7.70,10.897,,,,,,,,
-4.98,18.749,-7.69,10.897,,,,,,,,
-5.00,18.749,-7.72,10.897,,,,,,,,
-4.92,18.749,-7.70,10.897,,,,,,,,
-5.00,18.749,-7.67,10.897,,,,,,,,
-4.99,18.749,-7.64,10.897,,,,,,,,
-4.92,18.749,-7.68,10.897,,,,,,,,
-4.88,18.749,-7.68,10.897,,,,,,,,
-4.89,18.749,-7.68,10.897,,,,,,,,
-4.93,18.749,-7.63,10.897,,,,,,,,
-4.95,18.749,,10.897,,,,,,,,
-5.00,18.749,,,,,,,,,,
-4.94,18.749,,,,,,,,,,
-4.96,18.749,,,,,,,,,,
-5.03,18.749,,,,,,,,,,
-4.96,18.749,,,,,,,,,,
-4.95,18.749,,,,,,,,,,
-4.96,18.749,,,,,,,,,,
-5.00,18.749,,,,,,,,,,
-5.00,18.749,,,,,,,,,,
-5.01,18.749,,,,,,,,,,
-5.02,18.749,,,,,,,,,,
-5.09,18.749,,,,,,,,,,
-5.07,18.749,,,,,,,,,,
-5.07,18.749,,,,,,,,,,
-5.06,18.749,,,,,,,,,,
-5.06,18.749,,,,,,,,,,
-4.99,18.749,,,,,,,,,,
-5.08,18.749,,,,,,,,,,
-5.05,18.749,,,,,,,,,,
-5.02,18.749,,,,,,,,,,
-5.07,18.749,,,,,,,,,,
-5.10,18.749,,,,,,,,,,
-5.14,18.749,,,,,,,,,,
-5.15,18.749,,,,,,,,,,
-5.17,18.749,,,,,,,,,,
-5.17,18.749,,,,,,,,,,
-5.16,18.749,,,,,,,,,,
-5.14,18.749,,,,,,,,,,
-5.09,18.749,,,,,,,,,,
-5.08,18.749,,,,,,,,,,
-5.09,18.749,,,,,,,,,,
-5.10,18.749,,,,,,,,,,
-5.09,18.749,,,,,,,,,,
-5.15,18.749,,,,,,,,,,
-5.07,18.749,,,,,,,,,,
-5.02,18.749,,,,,,,,,,
-5.06,18.749,,,,,,,,,,
-5.20,18.749,,,,,,,,,,
-5.14,18.749,,,,,,,,,,
-5.17,18.749,,,,,,,,,,
-5.14,18.749,,,,,,,,,,
-5.15,18.749,,,,,,,,,,
-5.17,18.749,,,,,,,,,,
-5.20,18.749,,,,,,,,,,
-5.20,18.749,,,,,,,,,,
-5.21,18.749,,,,,,,,,,
-5.18,18.749,,,,,,,,,,
-5.22,18.749,,,,,,,,,,
-5.26,18.749,,,,,,,,,,
-5.24,18.749,,,,,,,,,,
-5.19,18.749,,,,,,,,,,
-5.18,18.749,,,,,,,,,,
-5.16,18.749,,,,,,,,,,
-5.16,18.749,,,,,,,,,,
-5.14,18.749,,,,,,,,,,
-5.09,18.749,,,,,,,,,,
-5.12,18.749,,,,,,,,,,
-5.16,18.749,,,,,,,,,,
-5.15,18.749,,,,,,,,,,
-5.18,18.749,,,,,,,,,,
-5.18,18.749,,,,,,,,,,
-5.17,18.749,,,,,,,,,,
-5.22,18.749,,,,,,,,,,
-5.29,18.749,,,,,,,,,,
-5.27,18.749,,,,,,,,,,
-5.31,18.749,,,,,,,,,,
-5.25,18.749,,,,,,,,,,
-5.29,18.749,,,,,,,,,,
-5.24,18.749,,,,,,,,,,
-5.23,18.749,,,,,,,,,,
-5.22,18.749,,,,,,,,,,
-5.27,18.749,,,,,,,,,,
-5.27,18.749,,,,,,,,,,
-5.29,18.749,,,,,,,,,,
-5.29,18.749,,,,,,,,,,
-5.23,18.749,,,,,,,,,,
-5.27,18.749,,,,,,,,,,
-5.21,18.749,,,,,,,,,,
-5.18,18.749,,,,,,,,,,
-5.26,18.749,,,,,,,,,,
-5.23,18.749,,,,,,,,,,
-5.24,18.749,,,,,,,,,,
-5.25,18.749,,,,,,,,,,
-5.20,18.749,,,,,,,,,,
-5.22,18.749,,,,,,,,,,
-5.20,18.749,,,,,,,,,,
-5.17,18.749,,,,,,,,,,
-5.19,18.749,,,,,,,,,,
-5.22,18.749,,,,,,,,,,
-5.18,18.749,,,,,,,,,,
-5.15,18.749,,,,,,,,,,
-5.17,18.749,,,,,,,,,,
-5.22,18.749,,,,,,,,,,
-5.17,18.749,,,,,,,,,,
-5.23,18.749,,,,,,,,,,
-5.18,18.749,,,,,,,,,,
-5.23,18.749,,,,,,,,,,
-5.22,18.749,,,,,,,,,,
-5.24,18.749,,,,,,,,,,
-5.29,18.749,,,,,,,,,,
-5.25,18.749,,,,,,,,,,
-5.32,18.749,,,,,,,,,,
-5.43,18.749,,,,,,,,,,
-5.45,18.749,,,,,,,,,,
-5.34,18.749,,,,,,,,,,
-5.40,18.749,,,,,,,,,,
-5.44,18.749,,,,,,,,,,
-5.45,18.749,,,,,,,,,,
-5.38,18.749,,,,,,,,,,
-5.36,18.749,,,,,,,,,,
-5.37,18.749,,,,,,,,,,
-5.41,18.749,,,,,,,,,,
-5.22,18.749,,,,,,,,,,
-5.25,18.749,,,,,,,,,,
-5.29,18.749,,,,,,,,,,
-5.34,18.749,,,,,,,,,,
-5.32,18.749,,,,,,,,,,
-5.37,18.749,,,,,,,,,,
-5.38,18.749,,,,,,,,,,
-5.39,18.749,,,,,,,,,,
-5.43,18.749,,,,,,,,,,
-5.38,18.749,,,,,,,,,,
-5.40,18.749,,,,,,,,,,
-5.37,18.749,,,,,,,,,,
-5.44,18.749,,,,,,,,,,
-5.41,18.749,,,,,,,,,,
-5.38,18.749,,,,,,,,,,
-5.41,18.749,,,,,,,,,,
-5.43,18.749,,,,,,,,,,
-5.39,18.749,,,,,,,,,,
-5.32,18.749,,,,,,,,,,
-5.20,18.749,,,,,,,,,,
-5.24,18.749,,,,,,,,,,
-5.14,18.749,,,,,,,,,,
-5.17,18.749,,,,,,,,,,
-5.16,18.749,,,,,,,,,,
-5.23,18.749,,,,,,,,,,
-5.21,18.747,,,,,,,,,,
-5.21,18.747,,,,,,,,,,
-5.18,18.747,,,,,,,,,,
-5.22,18.747,,,,,,,,,,
-5.27,18.747,,,,,,,,,,
-5.25,18.747,,,,,,,,,,
-5.31,18.747,,,,,,,,,,
-5.29,18.747,,,,,,,,,,
-5.29,18.747,,,,,,,,,,
-5.26,18.747,,,,,,,,,,
-5.32,18.747,,,,,,,,,,
-5.30,18.747,,,,,,,,,,
-5.27,18.747,,,,,,,,,,
-5.27,18.747,,,,,,,,,,
-5.30,18.747,,,,,,,,,,
,18.747,,,,,,,,,,
